ped_id,category,favored,total,favored_pct
PED00003,general,41668,43500,95.78850574712644
PED00003,glycine,3077,6500,47.33846153846154
PED00003,pre_proline,3368,3500,96.22857142857143
PED00003,trans_proline,1398,3908,35.77277379733879
PED00003,cis_proline,19,92,20.652173913043477
PED00003,ile_val,7110,7500,94.8
PED00006,general,45445,47500,95.67368421052632
PED00006,glycine,2969,6500,45.676923076923075
PED00006,pre_proline,3385,3500,96.71428571428572
PED00006,trans_proline,1347,3919,34.37101301352386
PED00006,cis_proline,23,81,28.39506172839506
PED00006,ile_val,8511,9000,94.56666666666666
PED00016,general,35019,36500,95.94246575342466
PED00016,glycine,2145,4500,47.66666666666667
PED00016,pre_proline,4329,4500,96.2
PED00016,trans_proline,1711,4403,38.85986827163298
PED00016,cis_proline,23,97,23.711340206185564
PED00016,ile_val,3331,3500,95.17142857142858
PED00074,general,4312,4500,95.82222222222222
PED00074,glycine,0,0,
PED00074,pre_proline,0,0,
PED00074,trans_proline,0,0,
PED00074,cis_proline,0,0,
PED00074,ile_val,0,0,
PED00140,general,53259,55500,95.96216216216216
PED00140,glycine,3024,6500,46.52307692307692
PED00140,pre_proline,975,1000,97.5
PED00140,trans_proline,551,1434,38.423988842398884
PED00140,cis_proline,13,66,19.696969696969695
PED00140,ile_val,3776,4000,94.39999999999999
PED00141,general,53660,56000,95.82142857142857
PED00141,glycine,3205,7000,45.785714285714285
PED00141,pre_proline,974,1000,97.39999999999999
PED00141,trans_proline,492,1445,34.048442906574394
PED00141,cis_proline,15,55,27.27272727272727
PED00141,ile_val,3796,4000,94.89999999999999
PED00142,general,34369,36000,95.46944444444443
PED00142,glycine,2983,6500,45.892307692307696
PED00142,pre_proline,5758,6000,95.96666666666667
PED00142,trans_proline,2809,7363,38.150210512019555
PED00142,cis_proline,35,137,25.547445255474454
PED00142,ile_val,1902,2000,95.1
PED00154,general,18668,19500,95.73333333333333
PED00154,glycine,2434,5000,48.68
PED00154,pre_proline,3796,4000,94.89999999999999
PED00154,trans_proline,2034,4899,41.51867728107777
PED00154,cis_proline,26,101,25.742574257425744
PED00154,ile_val,2359,2500,94.36
PED00155,general,9085,9500,95.63157894736842
PED00155,glycine,193,500,38.6
PED00155,pre_proline,0,0,
PED00155,trans_proline,0,0,
PED00155,cis_proline,0,0,
PED00155,ile_val,0,0,
PED00159,general,25321,26500,95.55094339622642
PED00159,glycine,1121,2500,44.84
PED00159,pre_proline,6261,6500,96.32307692307693
PED00159,trans_proline,2786,7356,37.87384448069603
PED00159,cis_proline,35,144,24.305555555555554
PED00159,ile_val,960,1000,96.0
PED00181,general,20611,21500,95.86511627906977
PED00181,glycine,1359,3000,45.300000000000004
PED00181,pre_proline,1913,2000,95.65
PED00181,trans_proline,752,1951,38.544336237826755
PED00181,cis_proline,8,49,16.3265306122449
PED00181,ile_val,2886,3000,96.2
PED00183,general,148846,156000,95.41410256410256
PED00183,glycine,8795,18000,48.861111111111114
PED00183,pre_proline,12386,13000,95.27692307692308
PED00183,trans_proline,5954,14402,41.3414803499514
PED00183,cis_proline,167,598,27.926421404682273
PED00183,ile_val,23187,24500,94.64081632653061
PED00184,general,55726,58000,96.07931034482759
PED00184,glycine,2067,4500,45.93333333333333
PED00184,pre_proline,4301,4500,95.57777777777777
PED00184,trans_proline,1810,4422,40.93170511080959
PED00184,cis_proline,14,78,17.94871794871795
PED00184,ile_val,3336,3500,95.31428571428572
PED00229,general,19792,20500,96.54634146341463
PED00229,glycine,241,500,48.199999999999996
PED00229,pre_proline,5302,5500,96.39999999999999
PED00229,trans_proline,2440,6389,38.19064016277978
PED00229,cis_proline,19,111,17.117117117117118
PED00229,ile_val,1462,1500,97.46666666666667
PED00231,general,7968,8500,93.74117647058824
PED00231,glycine,391,1000,39.1
PED00231,pre_proline,0,0,
PED00231,trans_proline,214,494,43.31983805668016
PED00231,cis_proline,1,6,16.666666666666664
PED00231,ile_val,0,0,
PED00233,general,47518,49500,95.9959595959596
PED00233,glycine,2038,4500,45.28888888888889
PED00233,pre_proline,2373,2500,94.92
PED00233,trans_proline,1286,3446,37.31863029599536
PED00233,cis_proline,15,54,27.77777777777778
PED00233,ile_val,3770,4000,94.25
PED00238,general,7961,8500,93.65882352941176
PED00238,glycine,404,1000,40.400000000000006
PED00238,pre_proline,0,0,
PED00238,trans_proline,195,494,39.473684210526315
PED00238,cis_proline,2,6,33.33333333333333
PED00238,ile_val,0,0,
PED00442,general,42300,44000,96.13636363636363
PED00442,glycine,1777,4000,44.425
PED00442,pre_proline,4812,5000,96.24000000000001
PED00442,trans_proline,2134,5875,36.32340425531915
PED00442,cis_proline,21,125,16.8
PED00442,ile_val,5304,5500,96.43636363636364
PED00468,general,11428,12000,95.23333333333333
PED00468,glycine,614,1500,40.93333333333333
PED00468,pre_proline,970,1000,97.0
PED00468,trans_proline,459,1450,31.655172413793103
PED00468,cis_proline,11,50,22.0
PED00468,ile_val,2864,3000,95.46666666666667
PED00483,general,19664,20500,95.9219512195122
PED00483,glycine,814,2000,40.699999999999996
PED00483,pre_proline,0,0,
PED00483,trans_proline,0,0,
PED00483,cis_proline,0,0,
PED00483,ile_val,1868,2000,93.4
PED00484,general,45639,47500,96.08210526315789
PED00484,glycine,3016,6500,46.400000000000006
PED00484,pre_proline,3376,3500,96.45714285714286
PED00484,trans_proline,1378,3911,35.23395551009972
PED00484,cis_proline,17,89,19.101123595505616
PED00484,ile_val,8546,9000,94.95555555555556
PED00493,general,75995,81000,93.82098765432099
PED00493,glycine,19956,40500,49.27407407407408
PED00493,pre_proline,5243,5500,95.32727272727273
PED00493,trans_proline,2323,5876,39.53369639210347
PED00493,cis_proline,29,124,23.387096774193548
PED00493,ile_val,0,0,
PED00494,general,75842,81000,93.6320987654321
PED00494,glycine,20099,40500,49.62716049382716
PED00494,pre_proline,5247,5500,95.39999999999999
PED00494,trans_proline,2211,5877,37.62123532414497
PED00494,cis_proline,36,123,29.268292682926827
PED00494,ile_val,0,0,
PED00495,general,75993,81000,93.81851851851852
PED00495,glycine,20057,40500,49.523456790123454
PED00495,pre_proline,5224,5500,94.98181818181818
PED00495,trans_proline,2246,5886,38.1583418280666
PED00495,cis_proline,24,114,21.052631578947366
PED00495,ile_val,0,0,
PED00536,general,24433,25500,95.8156862745098
PED00536,glycine,1098,2500,43.919999999999995
PED00536,pre_proline,1422,1500,94.8
PED00536,trans_proline,860,2437,35.28929011079196
PED00536,cis_proline,20,63,31.746031746031743
PED00536,ile_val,1435,1500,95.66666666666667
