ref,residue_position,residue_type,predicted_helix_fraction,peddssp_reference_helix_fraction,abs_delta_helix
p15PAF,1,ARG,0.0,0.0,0.0
p15PAF,2,THR,0.0,0.0058716339339947,0.0058716339339947
p15PAF,3,LYS,0.0,0.0087062158331646,0.0087062158331646
p15PAF,4,ALA,0.0,0.0230815954646689,0.0230815954646689
p15PAF,5,ASP,0.001,0.0311804008908685,0.0301804008908685
p15PAF,6,SER,0.001,0.0275359384490787,0.0265359384490787
p15PAF,7,VAL,0.001,0.0164000809880542,0.015400080988054198
p15PAF,8,PRO,0.0,0.0008098805426199,0.0008098805426199
p15PAF,9,GLY,0.0,0.0161976108523992,0.0161976108523992
p15PAF,10,THR,0.0,0.021461834379429,0.021461834379429
p15PAF,11,TYR,0.0,0.0238914760072889,0.0238914760072889
p15PAF,12,ARG,0.001,0.0151852601741243,0.0141852601741243
p15PAF,13,LYS,0.001,0.0087062158331646,0.0077062158331646
p15PAF,14,VAL,0.002,0.0070864547479246,0.0050864547479246
p15PAF,15,VAL,0.002,0.0062765742053047,0.0042765742053047
p15PAF,16,ALA,0.002,0.0099210366470945,0.0079210366470945
p15PAF,17,ALA,0.001,0.0190321927515691,0.018032192751569098
p15PAF,18,ARG,0.0,0.0166025511237092,0.0166025511237092
p15PAF,19,ALA,0.0,0.0115407977323344,0.0115407977323344
p15PAF,20,PRO,0.0,0.0004049402713099,0.0004049402713099
p15PAF,21,ARG,0.0,0.0117432678679894,0.0117432678679894
p15PAF,22,LYS,0.0,0.0145778497671593,0.0145778497671593
p15PAF,23,VAL,0.0,0.0159951407167442,0.0159951407167442
p15PAF,24,LEU,0.0,0.0115407977323344,0.0115407977323344
p15PAF,25,GLY,0.0,0.0157926705810892,0.0157926705810892
p15PAF,26,SER,0.003,0.0255112370925288,0.0225112370925288
p15PAF,27,SER,0.003,0.0334075723830735,0.0304075723830735
p15PAF,28,THR,0.003,0.0332051022474185,0.030205102247418503
p15PAF,29,SER,0.0,0.0330026321117635,0.0330026321117635
p15PAF,30,ALA,0.0,0.0358372140109333,0.0358372140109333
p15PAF,31,THR,0.0,0.0350273334683134,0.0350273334683134
p15PAF,32,ASN,0.0,0.0313828710265235,0.0313828710265235
p15PAF,33,SER,0.0,0.0279408787203887,0.0279408787203887
p15PAF,34,THR,0.0,0.0259161773638388,0.0259161773638388
p15PAF,35,SER,0.0,0.0230815954646689,0.0230815954646689
p15PAF,36,VAL,0.0,0.020854423972464,0.020854423972464
p15PAF,37,SER,0.0,0.0168050212593642,0.0168050212593642
p15PAF,38,SER,0.0,0.0244988864142538,0.0244988864142538
p15PAF,39,ARG,0.0,0.0263211176351488,0.0263211176351488
p15PAF,40,LYS,0.0,0.0291556995343186,0.0291556995343186
p15PAF,41,ALA,0.0,0.0257137072281838,0.0257137072281838
p15PAF,42,GLU,0.0,0.0309779307552136,0.0309779307552136
p15PAF,43,ASN,0.0,0.0293581696699736,0.0293581696699736
p15PAF,44,LYS,0.0,0.0228791253290139,0.0228791253290139
p15PAF,45,TYR,0.0,0.0161976108523992,0.0161976108523992
p15PAF,46,ALA,0.0,0.0153877303097793,0.0153877303097793
p15PAF,47,GLY,0.004,0.0273334683134237,0.0233334683134237
p15PAF,48,GLY,0.004,0.0236890058716339,0.0196890058716339
p15PAF,49,ASN,0.004,0.0168050212593642,0.0128050212593642
p15PAF,50,PRO,0.0,0.0028345818991698,0.0028345818991698
p15PAF,51,VAL,0.0,0.0394816764527232,0.0394816764527232
p15PAF,52,CYS,0.0,0.042518728487548,0.042518728487548
p15PAF,53,VAL,0.0,0.0415063778092731,0.0415063778092731
p15PAF,54,ARG,0.0,0.0301680502125936,0.0301680502125936
p15PAF,55,PRO,0.0,0.0,0.0
p15PAF,56,THR,0.0,0.1512451913342782,0.1512451913342782
p15PAF,57,PRO,0.0,0.1516501316055881,0.1516501316055881
p15PAF,58,LYS,0.0,0.1688600931362624,0.1688600931362624
p15PAF,59,TRP,0.0,0.1755416076128771,0.1755416076128771
p15PAF,60,GLN,0.0,0.0601336302895322,0.0601336302895322
p15PAF,61,LYS,0.0,0.0297631099412836,0.0297631099412836
p15PAF,62,GLY,0.0,0.0137679692245393,0.0137679692245393
p15PAF,63,ILE,0.0,0.0111358574610244,0.0111358574610244
p15PAF,64,GLY,0.0,0.0164000809880542,0.0164000809880542
p15PAF,65,GLU,0.0,0.042721198623203,0.042721198623203
p15PAF,66,PHE,0.0,0.1635958696092326,0.1635958696092326
p15PAF,67,PHE,0.0,0.1603563474387528,0.1603563474387528
p15PAF,68,ARG,0.0,0.154282243369103,0.154282243369103
p15PAF,69,LEU,0.0,0.0572990483903624,0.0572990483903624
p15PAF,70,SER,0.0,0.0109333873253695,0.0109333873253695
p15PAF,71,PRO,0.0,0.0002024701356549,0.0002024701356549
p15PAF,72,LYS,0.0,0.0277384085847337,0.0277384085847337
p15PAF,73,ASP,0.0,0.0558817574407774,0.0558817574407774
p15PAF,74,SER,0.0,0.0765337112775865,0.0765337112775865
p15PAF,75,GLU,0.0,0.0743065397853816,0.0743065397853816
p15PAF,76,LYS,0.0,0.0931362624012958,0.0931362624012958
p15PAF,77,GLU,0.0,0.0931362624012958,0.0931362624012958
p15PAF,78,ASN,0.0,0.0797732334480664,0.0797732334480664
p15PAF,79,GLN,0.0,0.0639805628669771,0.0639805628669771
p15PAF,80,ILE,0.0,0.0099210366470945,0.0099210366470945
p15PAF,81,PRO,0.0,0.0004049402713099,0.0004049402713099
p15PAF,82,GLU,0.0,0.0137679692245393,0.0137679692245393
p15PAF,83,GLU,0.001,0.0230815954646689,0.0220815954646689
p15PAF,84,ALA,0.001,0.0346223931970034,0.0336223931970034
p15PAF,85,GLY,0.002,0.0360396841465883,0.0340396841465883
p15PAF,86,SER,0.001,0.0380643855031382,0.037064385503138196
p15PAF,87,SER,0.001,0.0390767361814132,0.0380767361814132
p15PAF,88,GLY,0.002,0.0338125126543834,0.031812512654383396
p15PAF,89,LEU,0.002,0.0317878112978335,0.0297878112978335
p15PAF,90,GLY,0.002,0.0325976918404535,0.030597691840453495
p15PAF,91,LYS,0.0,0.0350273334683134,0.0350273334683134
p15PAF,92,ALA,0.0,0.0396841465883782,0.0396841465883782
p15PAF,93,LYS,0.0,0.0342174529256934,0.0342174529256934
p15PAF,94,ARG,0.0,0.0309779307552136,0.0309779307552136
p15PAF,95,LYS,0.0,0.0240939461429439,0.0240939461429439
p15PAF,96,ALA,0.0,0.0143753796315043,0.0143753796315043
p15PAF,97,CYS,0.0,0.0074913950192346,0.0074913950192346
p15PAF,98,PRO,0.001,0.0004049402713099,0.0005950597286901
p15PAF,99,LEU,0.001,0.0004049402713099,0.0005950597286901
p15PAF,100,GLN,0.001,0.0006074104069649,0.0003925895930351
p15PAF,101,PRO,0.0,0.0010123506782749,0.0010123506782749
p15PAF,102,ASP,0.002,0.0129580886819194,0.0109580886819194
p15PAF,103,HIS,0.002,0.0157926705810892,0.0137926705810892
p15PAF,104,THR,0.002,0.0196396031585341,0.0176396031585341
p15PAF,105,ASN,0.0,0.0141729094958493,0.0141729094958493
p15PAF,106,ASP,0.0,0.0174124316663292,0.0174124316663292
p15PAF,107,GLU,0.0,0.0198420732941891,0.0198420732941891
p15PAF,108,LYS,0.0,0.0153877303097793,0.0153877303097793
p15PAF,109,,0.0,,
KISS1,1,GLU,0.0,0.0,0.0
KISS1,2,PRO,0.0,0.0,0.0
KISS1,3,LEU,0.0,0.0,0.0
KISS1,4,GLU,0.0,0.0,0.0
KISS1,5,LYS,0.001,0.0,0.001
KISS1,6,VAL,0.002,0.02,0.018000000000000002
KISS1,7,ALA,0.003,0.02,0.017
KISS1,8,SER,0.002,0.02,0.018000000000000002
KISS1,9,VAL,0.001,0.02,0.019
KISS1,10,GLY,0.0,0.0,0.0
KISS1,11,ASN,0.0,0.02,0.02
KISS1,12,SER,0.0,0.02,0.02
KISS1,13,ARG,0.0,0.02,0.02
KISS1,14,PRO,0.0,0.0,0.0
KISS1,15,THR,0.0,0.0,0.0
KISS1,16,GLY,0.0,0.0,0.0
KISS1,17,GLN,0.0,0.0,0.0
KISS1,18,GLN,0.0,0.0,0.0
KISS1,19,LEU,0.0,0.0,0.0
KISS1,20,GLU,0.0,0.0,0.0
KISS1,21,SER,0.0,0.0,0.0
KISS1,22,LEU,0.0,0.02,0.02
KISS1,23,GLY,0.0,0.04,0.04
KISS1,24,LEU,0.0,0.04,0.04
KISS1,25,LEU,0.0,0.04,0.04
KISS1,26,ALA,0.002,0.0,0.002
KISS1,27,PRO,0.002,0.0,0.002
KISS1,28,GLY,0.002,0.0,0.002
KISS1,29,GLU,0.0,0.0,0.0
KISS1,30,GLN,0.0,0.02,0.02
KISS1,31,SER,0.0,0.02,0.02
KISS1,32,LEU,0.0,0.02,0.02
KISS1,33,PRO,0.0,0.0,0.0
KISS1,34,CYS,0.0,0.0,0.0
KISS1,35,THR,0.0,0.0,0.0
KISS1,36,GLU,0.0,0.0,0.0
KISS1,37,ARG,0.0,0.0,0.0
KISS1,38,LYS,0.0,0.0,0.0
KISS1,39,PRO,0.0,0.0,0.0
KISS1,40,ALA,0.0,0.02,0.02
KISS1,41,ALA,0.0,0.02,0.02
KISS1,42,THR,0.0,0.02,0.02
KISS1,43,ALA,0.0,0.02,0.02
KISS1,44,ARG,0.0,0.0,0.0
KISS1,45,LEU,0.0,0.0,0.0
KISS1,46,SER,0.0,0.0,0.0
KISS1,47,ARG,0.0,0.0,0.0
KISS1,48,ARG,0.0,0.0,0.0
KISS1,49,GLY,0.0,0.0,0.0
KISS1,50,THR,0.0,0.0,0.0
KISS1,51,SER,0.0,0.02,0.02
KISS1,52,LEU,0.0,0.02,0.02
KISS1,53,SER,0.0,0.02,0.02
KISS1,54,PRO,0.0,0.0,0.0
KISS1,55,PRO,0.0,0.0,0.0
KISS1,56,PRO,0.001,0.0,0.001
KISS1,57,GLU,0.001,0.04,0.039
KISS1,58,SER,0.002,0.04,0.038
KISS1,59,SER,0.001,0.06,0.059
KISS1,60,GLY,0.001,0.02,0.019
KISS1,61,SER,0.0,0.02,0.02
KISS1,62,PRO,0.0,0.0,0.0
KISS1,63,GLN,0.0,0.0,0.0
KISS1,64,GLN,0.0,0.0,0.0
KISS1,65,PRO,0.001,0.0,0.001
KISS1,66,GLY,0.002,0.04,0.038
KISS1,67,LEU,0.002,0.06,0.057999999999999996
KISS1,68,SER,0.001,0.06,0.059
KISS1,69,ALA,0.0,0.02,0.02
KISS1,70,PRO,0.0,0.0,0.0
KISS1,71,HIS,0.0,0.0,0.0
KISS1,72,SER,0.0,0.02,0.02
KISS1,73,ARG,0.0,0.06,0.06
KISS1,74,GLN,0.0,0.06,0.06
KISS1,75,ILE,0.0,0.04,0.04
KISS1,76,PRO,0.0,0.0,0.0
KISS1,77,ALA,0.0,0.0,0.0
KISS1,78,PRO,0.0,0.0,0.0
KISS1,79,GLN,0.0,0.0,0.0
KISS1,80,GLY,0.0,0.04,0.04
KISS1,81,ALA,0.001,0.04,0.039
KISS1,82,VAL,0.001,0.04,0.039
KISS1,83,LEU,0.001,0.02,0.019
KISS1,84,VAL,0.0,0.02,0.02
KISS1,85,GLN,0.0,0.02,0.02
KISS1,86,ARG,0.0,0.0,0.0
KISS1,87,GLU,0.0,0.0,0.0
KISS1,88,LYS,0.0,0.02,0.02
KISS1,89,ASP,0.0,0.02,0.02
KISS1,90,LEU,0.0,0.02,0.02
KISS1,91,PRO,0.0,0.0,0.0
KISS1,92,ASN,0.0,0.0,0.0
KISS1,93,TYR,0.0,0.0,0.0
KISS1,94,ASN,0.0,0.0,0.0
KISS1,95,TRP,0.0,0.0,0.0
KISS1,96,ASN,0.0,0.0,0.0
KISS1,97,SER,0.0,0.0,0.0
KISS1,98,PHE,0.0,0.0,0.0
KISS1,99,GLY,0.001,0.04,0.039
KISS1,100,LEU,0.001,0.06,0.059
KISS1,101,ARG,0.001,0.06,0.059
KISS1,102,PHE,0.0,0.04,0.04
KISS1,103,GLY,0.0,0.0,0.0
KISS1,104,LYS,0.0,0.0,0.0
KISS1,105,ARG,0.0,0.0,0.0
KISS1,106,GLU,0.0,0.02,0.02
KISS1,107,ALA,0.0,0.02,0.02
KISS1,108,ALA,0.0,0.02,0.02
KISS1,109,PRO,0.001,0.0,0.001
KISS1,110,GLY,0.001,0.06,0.059
KISS1,111,ASN,0.001,0.06,0.059
KISS1,112,HIS,0.0,0.08,0.08
KISS1,113,GLY,0.0,0.02,0.02
KISS1,114,ARG,0.0,0.02,0.02
KISS1,115,SER,0.0,0.0,0.0
KISS1,116,ALA,0.0,0.02,0.02
KISS1,117,GLY,0.0,0.02,0.02
KISS1,118,ARG,0.0,0.02,0.02
Sic1_nonphos,1,SER,0.0,0.0,0.0
Sic1_nonphos,2,MET,0.0,0.0,0.0
Sic1_nonphos,3,THR,0.0,0.004,0.004
Sic1_nonphos,4,PRO,0.0,0.008,0.008
Sic1_nonphos,5,SER,0.0,0.008,0.008
Sic1_nonphos,6,THR,0.0,0.008,0.008
Sic1_nonphos,7,PRO,0.0,0.002,0.002
Sic1_nonphos,8,PRO,0.0,0.014,0.014
Sic1_nonphos,9,ARG,0.0,0.026,0.026
Sic1_nonphos,10,SER,0.0,0.026,0.026
Sic1_nonphos,11,ARG,0.0,0.026,0.026
Sic1_nonphos,12,GLY,0.0,0.014,0.014
Sic1_nonphos,13,THR,0.0,0.016,0.016
Sic1_nonphos,14,ARG,0.0,0.018,0.018
Sic1_nonphos,15,TYR,0.0,0.014,0.014
Sic1_nonphos,16,LEU,0.0,0.014,0.014
Sic1_nonphos,17,ALA,0.0,0.01,0.01
Sic1_nonphos,18,GLN,0.0,0.012,0.012
Sic1_nonphos,19,PRO,0.001001001001001001,0.016,0.014998998998999
Sic1_nonphos,20,SER,0.001001001001001001,0.018,0.016998998998998996
Sic1_nonphos,21,GLY,0.001001001001001001,0.026,0.024998998998998996
Sic1_nonphos,22,ASN,0.0,0.022,0.022
Sic1_nonphos,23,THR,0.001001001001001001,0.022,0.020998998998999
Sic1_nonphos,24,SER,0.001001001001001001,0.018,0.016998998998998996
Sic1_nonphos,25,SER,0.001001001001001001,0.018,0.016998998998998996
Sic1_nonphos,26,SER,0.0,0.03,0.03
Sic1_nonphos,27,ALA,0.0,0.042,0.042
Sic1_nonphos,28,LEU,0.001001001001001001,0.08,0.078998998998999
Sic1_nonphos,29,MET,0.001001001001001001,0.082,0.080998998998999
Sic1_nonphos,30,GLN,0.001001001001001001,0.072,0.07099899899899899
Sic1_nonphos,31,GLY,0.001001001001001001,0.064,0.062998998998999
Sic1_nonphos,32,GLN,0.001001001001001001,0.042,0.040998998998999
Sic1_nonphos,33,LYS,0.0,0.026,0.026
Sic1_nonphos,34,THR,0.0,0.02,0.02
Sic1_nonphos,35,PRO,0.0,0.012,0.012
Sic1_nonphos,36,GLN,0.0,0.012,0.012
Sic1_nonphos,37,LYS,0.0,0.02,0.02
Sic1_nonphos,38,PRO,0.0,0.012,0.012
Sic1_nonphos,39,SER,0.0,0.018,0.018
Sic1_nonphos,40,GLN,0.0,0.022,0.022
Sic1_nonphos,41,ASN,0.0,0.03,0.03
Sic1_nonphos,42,LEU,0.0,0.022,0.022
Sic1_nonphos,43,VAL,0.0,0.012,0.012
Sic1_nonphos,44,PRO,0.0,0.0,0.0
Sic1_nonphos,45,VAL,0.0,0.0,0.0
Sic1_nonphos,46,THR,0.0,0.002,0.002
Sic1_nonphos,47,PRO,0.0,0.002,0.002
Sic1_nonphos,48,SER,0.0,0.01,0.01
Sic1_nonphos,49,THR,0.0,0.012,0.012
Sic1_nonphos,50,THR,0.0,0.014,0.014
Sic1_nonphos,51,LYS,0.0,0.016,0.016
Sic1_nonphos,52,SER,0.0,0.02,0.02
Sic1_nonphos,53,PHE,0.0,0.022,0.022
Sic1_nonphos,54,LYS,0.0,0.018,0.018
Sic1_nonphos,55,ASN,0.0,0.018,0.018
Sic1_nonphos,56,ALA,0.0,0.02,0.02
Sic1_nonphos,57,PRO,0.001001001001001001,0.024,0.022998998998999
Sic1_nonphos,58,LEU,0.001001001001001001,0.024,0.022998998998999
Sic1_nonphos,59,LEU,0.001001001001001001,0.024,0.022998998998999
Sic1_nonphos,60,ALA,0.001001001001001001,0.018,0.016998998998998996
Sic1_nonphos,61,PRO,0.001001001001001001,0.01,0.008998998998999
Sic1_nonphos,62,PRO,0.001001001001001001,0.018,0.016998998998998996
Sic1_nonphos,63,ASN,0.001001001001001001,0.022,0.020998998998999
Sic1_nonphos,64,SER,0.0,0.024,0.024
Sic1_nonphos,65,ASN,0.0,0.008,0.008
Sic1_nonphos,66,MET,0.0,0.012,0.012
Sic1_nonphos,67,GLY,0.0,0.006,0.006
Sic1_nonphos,68,MET,0.0,0.008,0.008
Sic1_nonphos,69,THR,0.0,0.004,0.004
Sic1_nonphos,70,SER,0.0,0.012,0.012
Sic1_nonphos,71,PRO,0.0,0.018,0.018
Sic1_nonphos,72,PHE,0.0,0.032,0.032
Sic1_nonphos,73,ASN,0.0,0.036,0.036
Sic1_nonphos,74,GLY,0.001001001001001001,0.026,0.024998998998998996
Sic1_nonphos,75,LEU,0.001001001001001001,0.018,0.016998998998998996
Sic1_nonphos,76,THR,0.001001001001001001,0.01,0.008998998998999
Sic1_nonphos,77,SER,0.0,0.01,0.01
Sic1_nonphos,78,PRO,0.0,0.01,0.01
Sic1_nonphos,79,GLN,0.0,0.014,0.014
Sic1_nonphos,80,ARG,0.0,0.014,0.014
Sic1_nonphos,81,SER,0.0,0.008,0.008
Sic1_nonphos,82,PRO,0.0,0.0,0.0
Sic1_nonphos,83,PHE,0.0,0.01,0.01
Sic1_nonphos,84,PRO,0.0,0.01,0.01
Sic1_nonphos,85,LYS,0.0,0.016,0.016
Sic1_nonphos,86,SER,0.0,0.018,0.018
Sic1_nonphos,87,SER,0.0,0.012,0.012
Sic1_nonphos,88,VAL,0.0,0.01,0.01
Sic1_nonphos,89,LYS,0.0,0.01,0.01
Sic1_nonphos,90,ARG,0.0,0.008,0.008
Sic1_phos,1,SER,0.0,0.0,0.0
Sic1_phos,2,MET,0.0,0.0,0.0
Sic1_phos,3,THR,0.0,0.002,0.002
Sic1_phos,4,PRO,0.0,0.004,0.004
Sic1_phos,5,SER,0.0,0.004,0.004
Sic1_phos,6,THR,0.0,0.004,0.004
Sic1_phos,7,PRO,0.0,0.002,0.002
Sic1_phos,8,PRO,0.0,0.008,0.008
Sic1_phos,9,ARG,0.0,0.022,0.022
Sic1_phos,10,SER,0.0,0.028,0.028
Sic1_phos,11,ARG,0.0,0.026,0.026
Sic1_phos,12,GLY,0.0,0.028,0.028
Sic1_phos,13,THR,0.0,0.028,0.028
Sic1_phos,14,ARG,0.0,0.022,0.022
Sic1_phos,15,TYR,0.0,0.026,0.026
Sic1_phos,16,LEU,0.0,0.026,0.026
Sic1_phos,17,ALA,0.0,0.018,0.018
Sic1_phos,18,GLN,0.0,0.022,0.022
Sic1_phos,19,PRO,0.001001001001001001,0.014,0.012998998998999
Sic1_phos,20,SER,0.001001001001001001,0.016,0.014998998998999
Sic1_phos,21,GLY,0.001001001001001001,0.024,0.022998998998999
Sic1_phos,22,ASN,0.0,0.02,0.02
Sic1_phos,23,THR,0.001001001001001001,0.02,0.018998998998998998
Sic1_phos,24,SER,0.001001001001001001,0.018,0.016998998998998996
Sic1_phos,25,SER,0.001001001001001001,0.018,0.016998998998998996
Sic1_phos,26,SER,0.0,0.02,0.02
Sic1_phos,27,ALA,0.0,0.026,0.026
Sic1_phos,28,LEU,0.001001001001001001,0.032,0.030998998998999
Sic1_phos,29,MET,0.001001001001001001,0.032,0.030998998998999
Sic1_phos,30,GLN,0.001001001001001001,0.028,0.026998998998998998
Sic1_phos,31,GLY,0.001001001001001001,0.028,0.026998998998998998
Sic1_phos,32,GLN,0.001001001001001001,0.02,0.018998998998998998
Sic1_phos,33,LYS,0.0,0.014,0.014
Sic1_phos,34,THR,0.0,0.018,0.018
Sic1_phos,35,PRO,0.0,0.01,0.01
Sic1_phos,36,GLN,0.0,0.01,0.01
Sic1_phos,37,LYS,0.0,0.012,0.012
Sic1_phos,38,PRO,0.0,0.008,0.008
Sic1_phos,39,SER,0.0,0.022,0.022
Sic1_phos,40,GLN,0.0,0.024,0.024
Sic1_phos,41,ASN,0.0,0.02,0.02
Sic1_phos,42,LEU,0.0,0.008,0.008
Sic1_phos,43,VAL,0.0,0.006,0.006
Sic1_phos,44,PRO,0.0,0.004,0.004
Sic1_phos,45,VAL,0.0,0.004,0.004
Sic1_phos,46,THR,0.0,0.008,0.008
Sic1_phos,47,PRO,0.0,0.006,0.006
Sic1_phos,48,SER,0.0,0.014,0.014
Sic1_phos,49,THR,0.0,0.016,0.016
Sic1_phos,50,THR,0.0,0.016,0.016
Sic1_phos,51,LYS,0.0,0.024,0.024
Sic1_phos,52,SER,0.0,0.03,0.03
Sic1_phos,53,PHE,0.0,0.036,0.036
Sic1_phos,54,LYS,0.0,0.03,0.03
Sic1_phos,55,ASN,0.0,0.016,0.016
Sic1_phos,56,ALA,0.0,0.024,0.024
Sic1_phos,57,PRO,0.001001001001001001,0.024,0.022998998998999
Sic1_phos,58,LEU,0.001001001001001001,0.026,0.024998998998998996
Sic1_phos,59,LEU,0.001001001001001001,0.026,0.024998998998998996
Sic1_phos,60,ALA,0.001001001001001001,0.014,0.012998998998999
Sic1_phos,61,PRO,0.001001001001001001,0.0,0.001001001001001001
Sic1_phos,62,PRO,0.001001001001001001,0.006,0.004998998998998999
Sic1_phos,63,ASN,0.001001001001001001,0.012,0.010998998998999
Sic1_phos,64,SER,0.0,0.016,0.016
Sic1_phos,65,ASN,0.0,0.014,0.014
Sic1_phos,66,MET,0.0,0.01,0.01
Sic1_phos,67,GLY,0.0,0.018,0.018
Sic1_phos,68,MET,0.0,0.018,0.018
Sic1_phos,69,THR,0.0,0.014,0.014
Sic1_phos,70,SER,0.0,0.01,0.01
Sic1_phos,71,PRO,0.0,0.004,0.004
Sic1_phos,72,PHE,0.0,0.01,0.01
Sic1_phos,73,ASN,0.0,0.016,0.016
Sic1_phos,74,GLY,0.001001001001001001,0.016,0.014998998998999
Sic1_phos,75,LEU,0.001001001001001001,0.012,0.010998998998999
Sic1_phos,76,THR,0.001001001001001001,0.01,0.008998998998999
Sic1_phos,77,SER,0.0,0.006,0.006
Sic1_phos,78,PRO,0.0,0.012,0.012
Sic1_phos,79,GLN,0.0,0.018,0.018
Sic1_phos,80,ARG,0.0,0.018,0.018
Sic1_phos,81,SER,0.0,0.016,0.016
Sic1_phos,82,PRO,0.0,0.0,0.0
Sic1_phos,83,PHE,0.0,0.006,0.006
Sic1_phos,84,PRO,0.0,0.008,0.008
Sic1_phos,85,LYS,0.0,0.012,0.012
Sic1_phos,86,SER,0.0,0.012,0.012
Sic1_phos,87,SER,0.0,0.008,0.008
Sic1_phos,88,VAL,0.0,0.014,0.014
Sic1_phos,89,LYS,0.0,0.014,0.014
Sic1_phos,90,ARG,0.0,0.012,0.012
PED00003,1,ASP,0.0,0.0,0.0
PED00003,2,VAL,0.0,0.0121739130434782,0.0121739130434782
PED00003,3,PHE,0.0,0.0226086956521739,0.0226086956521739
PED00003,4,MET,0.0,0.0278260869565217,0.0278260869565217
PED00003,5,LYS,0.0,0.0330434782608695,0.0330434782608695
PED00003,6,GLY,0.0,0.0243478260869565,0.0243478260869565
PED00003,7,LEU,0.0,0.0208695652173913,0.0208695652173913
PED00003,8,SER,0.001,0.0191304347826086,0.0181304347826086
PED00003,9,MET,0.001,0.017391304347826,0.016391304347826
PED00003,10,ALA,0.001,0.0139130434782608,0.012913043478260802
PED00003,11,LYS,0.0,0.0156521739130434,0.0156521739130434
PED00003,12,GLU,0.0,0.0121739130434782,0.0121739130434782
PED00003,13,GLY,0.001,0.0121739130434782,0.0111739130434782
PED00003,14,VAL,0.002,0.008695652173913,0.006695652173913
PED00003,15,VAL,0.002,0.008695652173913,0.006695652173913
PED00003,16,ALA,0.001,0.0139130434782608,0.012913043478260802
PED00003,17,ALA,0.0,0.0191304347826086,0.0191304347826086
PED00003,18,ALA,0.0,0.017391304347826,0.017391304347826
PED00003,19,GLU,0.0,0.0156521739130434,0.0156521739130434
PED00003,20,LYS,0.0,0.0191304347826086,0.0191304347826086
PED00003,21,THR,0.0,0.0191304347826086,0.0191304347826086
PED00003,22,LYS,0.0,0.0156521739130434,0.0156521739130434
PED00003,23,GLN,0.0,0.0156521739130434,0.0156521739130434
PED00003,24,GLY,0.0,0.0139130434782608,0.0139130434782608
PED00003,25,VAL,0.0,0.0069565217391304,0.0069565217391304
PED00003,26,THR,0.001,0.017391304347826,0.016391304347826
PED00003,27,GLU,0.002,0.0330434782608695,0.0310434782608695
PED00003,28,ALA,0.002,0.0330434782608695,0.0310434782608695
PED00003,29,ALA,0.001,0.0382608695652173,0.0372608695652173
PED00003,30,GLU,0.0,0.0278260869565217,0.0278260869565217
PED00003,31,LYS,0.0,0.0191304347826086,0.0191304347826086
PED00003,32,THR,0.0,0.017391304347826,0.017391304347826
PED00003,33,LYS,0.0,0.0156521739130434,0.0156521739130434
PED00003,34,GLU,0.0,0.0121739130434782,0.0121739130434782
PED00003,35,GLY,0.0,0.0104347826086956,0.0104347826086956
PED00003,36,VAL,0.0,0.0052173913043478,0.0052173913043478
PED00003,37,LEU,0.0,0.0069565217391304,0.0069565217391304
PED00003,38,TYR,0.0,0.0017391304347826,0.0017391304347826
PED00003,39,VAL,0.0,0.0017391304347826,0.0017391304347826
PED00003,40,GLY,0.0,0.0017391304347826,0.0017391304347826
PED00003,41,SER,0.001,0.0,0.001
PED00003,42,LYS,0.001,0.0,0.001
PED00003,43,THR,0.001,0.0,0.001
PED00003,44,ARG,0.0,0.0,0.0
PED00003,45,GLU,0.0,0.0052173913043478,0.0052173913043478
PED00003,46,GLY,0.0,0.0069565217391304,0.0069565217391304
PED00003,47,VAL,0.0,0.0069565217391304,0.0069565217391304
PED00003,48,VAL,0.0,0.0104347826086956,0.0104347826086956
PED00003,49,GLN,0.0,0.0052173913043478,0.0052173913043478
PED00003,50,GLY,0.0,0.0052173913043478,0.0052173913043478
PED00003,51,VAL,0.0,0.0069565217391304,0.0069565217391304
PED00003,52,ALA,0.0,0.0069565217391304,0.0069565217391304
PED00003,53,SER,0.0,0.0121739130434782,0.0121739130434782
PED00003,54,VAL,0.0,0.0139130434782608,0.0139130434782608
PED00003,55,ALA,0.0,0.0226086956521739,0.0226086956521739
PED00003,56,GLU,0.0,0.0260869565217391,0.0260869565217391
PED00003,57,LYS,0.0,0.0295652173913043,0.0295652173913043
PED00003,58,THR,0.0,0.0208695652173913,0.0208695652173913
PED00003,59,LYS,0.0,0.017391304347826,0.017391304347826
PED00003,60,GLU,0.0,0.008695652173913,0.008695652173913
PED00003,61,GLN,0.0,0.0017391304347826,0.0017391304347826
PED00003,62,ALA,0.0,0.0,0.0
PED00003,63,SER,0.0,0.0034782608695652,0.0034782608695652
PED00003,64,HIS,0.001,0.0052173913043478,0.0042173913043478
PED00003,65,LEU,0.001,0.008695652173913,0.007695652173913
PED00003,66,GLY,0.001,0.008695652173913,0.007695652173913
PED00003,67,GLY,0.0,0.0069565217391304,0.0069565217391304
PED00003,68,ALA,0.0,0.0069565217391304,0.0069565217391304
PED00003,69,VAL,0.0,0.0121739130434782,0.0121739130434782
PED00003,70,PHE,0.0,0.0208695652173913,0.0208695652173913
PED00003,71,SER,0.0,0.0191304347826086,0.0191304347826086
PED00003,72,GLY,0.0,0.0156521739130434,0.0156521739130434
PED00003,73,ALA,0.0,0.008695652173913,0.008695652173913
PED00003,74,GLY,0.0,0.0104347826086956,0.0104347826086956
PED00003,75,ASN,0.0,0.0034782608695652,0.0034782608695652
PED00003,76,ILE,0.0,0.008695652173913,0.008695652173913
PED00003,77,ALA,0.0,0.0156521739130434,0.0156521739130434
PED00003,78,ALA,0.0,0.017391304347826,0.017391304347826
PED00003,79,ALA,0.0,0.0156521739130434,0.0156521739130434
PED00003,80,THR,0.0,0.0139130434782608,0.0139130434782608
PED00003,81,GLY,0.0,0.008695652173913,0.008695652173913
PED00003,82,LEU,0.0,0.0034782608695652,0.0034782608695652
PED00003,83,VAL,0.0,0.0017391304347826,0.0017391304347826
PED00003,84,LYS,0.0,0.0,0.0
PED00003,85,ARG,0.0,0.0,0.0
PED00003,86,GLU,0.0,0.0,0.0
PED00003,87,GLU,0.0,0.0,0.0
PED00003,88,PHE,0.001,0.0,0.001
PED00003,89,PRO,0.001,0.0034782608695652,0.0024782608695652
PED00003,90,THR,0.001,0.0260869565217391,0.0250869565217391
PED00003,91,ASP,0.0,0.0278260869565217,0.0278260869565217
PED00003,92,LEU,0.0,0.0260869565217391,0.0260869565217391
PED00003,93,LYS,0.0,0.0139130434782608,0.0139130434782608
PED00003,94,PRO,0.0,0.0,0.0
PED00003,95,GLU,0.0,0.0052173913043478,0.0052173913043478
PED00003,96,GLU,0.0,0.0052173913043478,0.0052173913043478
PED00003,97,VAL,0.0,0.0052173913043478,0.0052173913043478
PED00003,98,ALA,0.0,0.0,0.0
PED00003,99,GLN,0.0,0.0,0.0
PED00003,100,GLU,0.0,0.0,0.0
PED00003,101,ALA,0.0,0.0017391304347826,0.0017391304347826
PED00003,102,ALA,0.0,0.0017391304347826,0.0017391304347826
PED00003,103,GLU,0.0,0.0017391304347826,0.0017391304347826
PED00003,104,GLU,0.0,0.0,0.0
PED00003,105,PRO,0.0,0.0017391304347826,0.0017391304347826
PED00003,106,LEU,0.0,0.0052173913043478,0.0052173913043478
PED00003,107,ILE,0.0,0.0052173913043478,0.0052173913043478
PED00003,108,GLU,0.0,0.0069565217391304,0.0069565217391304
PED00003,109,PRO,0.0,0.0017391304347826,0.0017391304347826
PED00003,110,LEU,0.0,0.0069565217391304,0.0069565217391304
PED00003,111,MET,0.0,0.0069565217391304,0.0069565217391304
PED00003,112,GLU,0.001,0.0052173913043478,0.0042173913043478
PED00003,113,PRO,0.001,0.0017391304347826,0.0007391304347826001
PED00003,114,GLU,0.001,0.0121739130434782,0.0111739130434782
PED00003,115,GLY,0.0,0.0139130434782608,0.0139130434782608
PED00003,116,GLU,0.0,0.0156521739130434,0.0156521739130434
PED00003,117,SER,0.0,0.0104347826086956,0.0104347826086956
PED00003,118,TYR,0.0,0.0052173913043478,0.0052173913043478
PED00003,119,GLU,0.0,0.0,0.0
PED00003,120,ASP,0.0,0.0,0.0
PED00003,121,PRO,0.0,0.0,0.0
PED00003,122,PRO,0.0,0.0,0.0
PED00003,123,GLN,0.0,0.0034782608695652,0.0034782608695652
PED00003,124,GLU,0.0,0.0069565217391304,0.0069565217391304
PED00003,125,GLU,0.0,0.008695652173913,0.008695652173913
PED00003,126,TYR,0.0,0.0069565217391304,0.0069565217391304
PED00003,127,GLN,0.0,0.0069565217391304,0.0069565217391304
PED00003,128,GLU,0.0,0.0034782608695652,0.0034782608695652
PED00003,129,TYR,0.0,0.0017391304347826,0.0017391304347826
PED00003,130,GLU,0.0,0.0,0.0
PED00003,131,PRO,0.0,0.0,0.0
PED00003,132,GLU,0.0,0.0,0.0
PED00184,1,PRO,0.0,0.0,0.0
PED00184,2,HIS,0.0,0.004,0.004
PED00184,3,MET,0.0,0.008,0.008
PED00184,4,GLU,0.0,0.014,0.014
PED00184,5,ARG,0.0,0.016,0.016
PED00184,6,ALA,0.0,0.012,0.012
PED00184,7,ASP,0.0,0.016,0.016
PED00184,8,GLY,0.0,0.022,0.022
PED00184,9,GLN,0.0,0.022,0.022
PED00184,10,SER,0.0,0.02,0.02
PED00184,11,ARG,0.0,0.014,0.014
PED00184,12,LEU,0.0,0.02,0.02
PED00184,13,HIS,0.0,0.024,0.024
PED00184,14,ASP,0.0,0.022,0.022
PED00184,15,SER,0.001,0.038,0.037
PED00184,16,LYS,0.001,0.064,0.063
PED00184,17,GLY,0.001,0.086,0.08499999999999999
PED00184,18,GLN,0.0,0.08,0.08
PED00184,19,THR,0.0,0.066,0.066
PED00184,20,LYS,0.0,0.038,0.038
PED00184,21,LEU,0.0,0.098,0.098
PED00184,22,LEU,0.0,0.16,0.16
PED00184,23,GLN,0.0,0.162,0.162
PED00184,24,LEU,0.0,0.154,0.154
PED00184,25,LEU,0.0,0.152,0.152
PED00184,26,THR,0.0,0.156,0.156
PED00184,27,THR,0.0,0.05,0.05
PED00184,28,LYS,0.0,0.022,0.022
PED00184,29,SER,0.0,0.024,0.024
PED00184,30,ASP,0.0,0.038,0.038
PED00184,31,GLN,0.0,0.044,0.044
PED00184,32,MET,0.0,0.036,0.036
PED00184,33,GLU,0.0,0.01,0.01
PED00184,34,PRO,0.0,0.0,0.0
PED00184,35,SER,0.0,0.0,0.0
PED00184,36,PRO,0.0,0.0,0.0
PED00184,37,LEU,0.002,0.02,0.018000000000000002
PED00184,38,ALA,0.003,0.028,0.025
PED00184,39,SER,0.003,0.042,0.039
PED00184,40,SER,0.001,0.046,0.045
PED00184,41,LEU,0.0,0.044,0.044
PED00184,42,SER,0.0,0.05,0.05
PED00184,43,ASP,0.0,0.04,0.04
PED00184,44,THR,0.0,0.034,0.034
PED00184,45,ASN,0.0,0.022,0.022
PED00184,46,LYS,0.0,0.022,0.022
PED00184,47,ASP,0.001,0.02,0.019
PED00184,48,SER,0.001,0.028,0.027
PED00184,49,THR,0.001,0.026,0.024999999999999998
PED00184,50,GLY,0.0,0.018,0.018
PED00184,51,SER,0.001,0.006,0.005
PED00184,52,LEU,0.001,0.002,0.001
PED00184,53,PRO,0.001,0.006,0.005
PED00184,54,GLY,0.001,0.032,0.031
PED00184,55,SER,0.0,0.042,0.042
PED00184,56,GLY,0.001,0.042,0.041
PED00184,57,SER,0.001,0.044,0.043
PED00184,58,THR,0.001,0.036,0.034999999999999996
PED00184,59,HIS,0.0,0.03,0.03
PED00184,60,GLY,0.0,0.016,0.016
PED00184,61,THR,0.0,0.012,0.012
PED00184,62,SER,0.0,0.016,0.016
PED00184,63,LEU,0.0,0.04,0.04
PED00184,64,LYS,0.0,0.094,0.094
PED00184,65,GLU,0.0,0.092,0.092
PED00184,66,LYS,0.0,0.088,0.088
PED00184,67,HIS,0.0,0.078,0.078
PED00184,68,LYS,0.0,0.074,0.074
PED00184,69,ILE,0.0,0.074,0.074
PED00184,70,LEU,0.0,0.074,0.074
PED00184,71,HIS,0.0,0.076,0.076
PED00184,72,ARG,0.0,0.076,0.076
PED00184,73,LEU,0.0,0.076,0.076
PED00184,74,LEU,0.0,0.078,0.078
PED00184,75,GLN,0.0,0.078,0.078
PED00184,76,ASP,0.0,0.032,0.032
PED00184,77,SER,0.0,0.022,0.022
PED00184,78,SER,0.0,0.018,0.018
PED00184,79,SER,0.0,0.014,0.014
PED00184,80,PRO,0.0,0.002,0.002
PED00184,81,VAL,0.0,0.004,0.004
PED00184,82,ASP,0.0,0.006,0.006
PED00184,83,LEU,0.0,0.042,0.042
PED00184,84,ALA,0.0,0.112,0.112
PED00184,85,LYS,0.0,0.132,0.132
PED00184,86,LEU,0.0,0.132,0.132
PED00184,87,THR,0.0,0.102,0.102
PED00184,88,ALA,0.0,0.056,0.056
PED00184,89,GLU,0.0,0.034,0.034
PED00184,90,ALA,0.0,0.038,0.038
PED00184,91,THR,0.0,0.032,0.032
PED00184,92,GLY,0.0,0.028,0.028
PED00184,93,LYS,0.0,0.03,0.03
PED00184,94,ASP,0.0,0.044,0.044
PED00184,95,LEU,0.0,0.058,0.058
PED00184,96,SER,0.001,0.068,0.067
PED00184,97,GLN,0.001,0.076,0.075
PED00184,98,GLU,0.001,0.076,0.075
PED00184,99,SER,0.0,0.062,0.062
PED00184,100,SER,0.001,0.062,0.061
PED00184,101,SER,0.001,0.046,0.045
PED00184,102,THR,0.001,0.034,0.033
PED00184,103,ALA,0.0,0.018,0.018
PED00184,104,PRO,0.001,0.002,0.001
PED00184,105,GLY,0.002,0.022,0.019999999999999997
PED00184,106,SER,0.002,0.028,0.026000000000000002
PED00184,107,GLU,0.001,0.032,0.031
PED00184,108,VAL,0.0,0.018,0.018
PED00184,109,THR,0.0,0.012,0.012
PED00184,110,ILE,0.0,0.006,0.006
PED00184,111,LYS,0.0,0.006,0.006
PED00184,112,GLN,0.0,0.002,0.002
PED00184,113,GLU,0.0,0.0,0.0
PED00184,114,PRO,0.0,0.0,0.0
PED00184,115,VAL,0.0,0.0,0.0
PED00184,116,SER,0.001,0.0,0.001
PED00184,117,PRO,0.001,0.0,0.001
PED00184,118,LYS,0.001,0.014,0.013000000000000001
PED00184,119,LYS,0.001,0.02,0.019
PED00184,120,LYS,0.001,0.022,0.020999999999999998
PED00184,121,GLU,0.0,0.028,0.028
PED00184,122,ASN,0.0,0.048,0.048
PED00184,123,ALA,0.001,0.214,0.213
PED00184,124,LEU,0.001,0.714,0.713
PED00184,125,LEU,0.001,0.714,0.713
PED00184,126,ARG,0.0,0.714,0.714
PED00184,127,TYR,0.0,0.714,0.714
PED00184,128,LEU,0.0,0.714,0.714
PED00184,129,LEU,0.0,0.716,0.716
PED00184,130,ASP,0.0,0.716,0.716
PED00184,131,LYS,0.001,0.182,0.181
PED00184,132,ASP,0.001,0.06,0.059
PED00184,133,ASP,0.001,0.034,0.033
PED00184,134,THR,0.0,0.024,0.024
PED00184,135,LYS,0.0,0.018,0.018
PED00184,136,ASP,0.0,0.01,0.01
PED00184,137,ILE,0.0,0.008,0.008
PED00184,138,GLY,0.0,0.002,0.002
PED00184,139,LEU,0.0,0.002,0.002
PED00184,140,PRO,0.0,0.0,0.0
PED00184,141,GLU,0.0,0.004,0.004
PED00184,142,ILE,0.0,0.004,0.004
PED00184,143,THR,0.0,0.004,0.004
PED00184,144,PRO,0.0,0.0,0.0
PED00184,145,LYS,0.0,0.008,0.008
PED00184,146,LEU,0.0,0.01,0.01
PED00184,147,GLU,0.0,0.02,0.02
PED00184,148,ARG,0.0,0.018,0.018
PED00184,149,LEU,0.0,0.02,0.02
PED00184,150,ASP,0.0,0.014,0.014
PED00184,151,SER,0.0,0.018,0.018
PED00184,152,LYS,0.0,0.016,0.016
PED00229,1,GLU,0.0,0.0,0.0
PED00229,2,GLU,0.0,0.0,0.0
PED00229,3,PRO,0.001,0.0,0.001
PED00229,4,GLN,0.001,0.0,0.001
PED00229,5,SER,0.001,0.0,0.001
PED00229,6,ASP,0.001,0.0,0.001
PED00229,7,PRO,0.001,0.0,0.001
PED00229,8,SER,0.001,0.0,0.001
PED00229,9,VAL,0.0,0.0,0.0
PED00229,10,GLU,0.0,0.0,0.0
PED00229,11,PRO,0.0,0.0,0.0
PED00229,12,PRO,0.0,0.0,0.0
PED00229,13,LEU,0.0,0.0,0.0
PED00229,14,SER,0.0,0.0,0.0
PED00229,15,GLN,0.0,0.0,0.0
PED00229,16,GLU,0.0,0.0,0.0
PED00229,17,THR,0.0,0.02,0.02
PED00229,18,PHE,0.0,0.02,0.02
PED00229,19,SER,0.0,0.02,0.02
PED00229,20,ASP,0.0,0.02,0.02
PED00229,21,LEU,0.0,0.0,0.0
PED00229,22,TRP,0.0,0.12,0.12
PED00229,23,LYS,0.0,0.12,0.12
PED00229,24,LEU,0.0,0.12,0.12
PED00229,25,LEU,0.001,0.02,0.019
PED00229,26,PRO,0.001,0.0,0.001
PED00229,27,GLU,0.001,0.06,0.059
PED00229,28,ASN,0.0,0.08,0.08
PED00229,29,ASN,0.0,0.08,0.08
PED00229,30,VAL,0.0,0.02,0.02
PED00229,31,LEU,0.0,0.0,0.0
PED00229,32,SER,0.0,0.0,0.0
PED00229,33,PRO,0.0,0.0,0.0
PED00229,34,LEU,0.001,0.0,0.001
PED00229,35,PRO,0.001,0.0,0.001
PED00229,36,SER,0.001,0.0,0.001
PED00229,37,GLN,0.0,0.02,0.02
PED00229,38,ALA,0.0,0.02,0.02
PED00229,39,MET,0.0,0.02,0.02
PED00229,40,ASP,0.0,0.0,0.0
PED00229,41,ASP,0.0,0.04,0.04
PED00229,42,LEU,0.0,0.04,0.04
PED00229,43,MET,0.0,0.04,0.04
PED00229,44,LEU,0.0,0.0,0.0
PED00229,45,SER,0.001,0.0,0.001
PED00229,46,PRO,0.001,0.0,0.001
PED00229,47,ASP,0.001,0.0,0.001
PED00229,48,ASP,0.0,0.0,0.0
PED00229,49,ILE,0.0,0.02,0.02
PED00229,50,GLU,0.0,0.08,0.08
PED00229,51,GLN,0.0,0.08,0.08
PED00229,52,TRP,0.0,0.06,0.06
PED00229,53,PHE,0.0,0.0,0.0
PED00229,54,THR,0.0,0.0,0.0
PED00229,55,GLU,0.0,0.0,0.0
PED00229,56,ASP,0.0,0.0,0.0
PED00229,57,PRO,0.0,0.0,0.0
PED00229,58,GLY,0.0,0.0,0.0
PED00229,59,PRO,0.0,0.0,0.0
PED00229,60,ASP,0.0,0.02,0.02
PED00229,61,GLU,0.0,0.02,0.02
PED00229,62,ALA,0.0,0.02,0.02
PED00229,63,PRO,0.0,0.0,0.0
PED00229,64,ARG,0.0,0.0,0.0
PED00229,65,MET,0.0,0.0,0.0
PED00229,66,PRO,0.0,0.0,0.0
PED00229,67,GLU,0.0,0.0,0.0
PED00229,68,ALA,0.0,0.0,0.0
PED00229,69,ALA,0.0,0.0,0.0
PED00229,70,PRO,0.0,0.0,0.0
PED00229,71,PRO,0.0,0.0,0.0
PED00536,1,THR,0.0,0.0,0.0
PED00536,2,GLN,0.0,0.0,0.0
PED00536,3,ASN,0.0,0.0,0.0
PED00536,4,ARG,0.0,0.0,0.0
PED00536,5,PRO,0.0,0.0,0.0
PED00536,6,LEU,0.0,0.0,0.0
PED00536,7,LEU,0.0,0.005003335557038,0.005003335557038
PED00536,8,ARG,0.0,0.015010006671114,0.015010006671114
PED00536,9,ASN,0.0,0.0183455637091394,0.0183455637091394
PED00536,10,SER,0.001,0.0200133422281521,0.0190133422281521
PED00536,11,LEU,0.001,0.0306871247498332,0.029687124749833198
PED00536,12,ASP,0.001,0.0837224816544362,0.0827224816544362
PED00536,13,ASP,0.001,0.1501000667111407,0.1491000667111407
PED00536,14,LEU,0.0,0.147765176784523,0.147765176784523
PED00536,15,VAL,0.0,0.1187458305537024,0.1187458305537024
PED00536,16,GLY,0.0,0.0270180120080053,0.0270180120080053
PED00536,17,PRO,0.0,0.0,0.0
PED00536,18,PRO,0.0,0.0,0.0
PED00536,19,SER,0.0,0.0,0.0
PED00536,20,ASN,0.0,0.1317545030020013,0.1317545030020013
PED00536,21,LEU,0.0,0.1450967311541027,0.1450967311541027
PED00536,22,GLU,0.0,0.1717811874583055,0.1717811874583055
PED00536,23,GLY,0.0,0.1017344896597731,0.1017344896597731
PED00536,24,GLN,0.0,0.0456971314209473,0.0456971314209473
PED00536,25,SER,0.0,0.0537024683122081,0.0537024683122081
PED00536,26,ASP,0.0,0.0583722481654436,0.0583722481654436
PED00536,27,GLU,0.0,0.2034689793195463,0.2034689793195463
PED00536,28,ARG,0.0,0.2098065376917945,0.2098065376917945
PED00536,29,ALA,0.0,0.2054703135423616,0.2054703135423616
PED00536,30,LEU,0.0,0.1641094062708472,0.1641094062708472
PED00536,31,LEU,0.0,0.1454302868579052,0.1454302868579052
PED00536,32,ASP,0.0,0.1797865243495663,0.1797865243495663
PED00536,33,GLN,0.0,0.2391594396264176,0.2391594396264176
PED00536,34,LEU,0.0,0.2635090060040027,0.2635090060040027
PED00536,35,HIS,0.0,0.3789192795196798,0.3789192795196798
PED00536,36,THR,0.0,0.466977985323549,0.466977985323549
PED00536,37,LEU,0.0,0.4783188792528352,0.4783188792528352
PED00536,38,LEU,0.0,0.4072715143428952,0.4072715143428952
PED00536,39,SER,0.0,0.3165443629086057,0.3165443629086057
PED00536,40,ASN,0.0,0.1731154102735156,0.1731154102735156
PED00536,41,THR,0.0,0.1257505003335557,0.1257505003335557
PED00536,42,ASP,0.0,0.14342895263509,0.14342895263509
PED00536,43,ALA,0.0,0.1827885256837892,0.1827885256837892
PED00536,44,THR,0.0,0.224482988659106,0.224482988659106
PED00536,45,GLY,0.0,0.2074716477651768,0.2074716477651768
PED00536,46,LEU,0.0,0.1130753835890593,0.1130753835890593
PED00536,47,GLU,0.0,0.1030687124749833,0.1030687124749833
PED00536,48,GLU,0.0,0.1050700466977985,0.1050700466977985
PED00536,49,ILE,0.0,0.109739826551034,0.109739826551034
PED00536,50,ASP,0.0,0.0900600400266844,0.0900600400266844
PED00536,51,ARG,0.0,0.09606404269513,0.09606404269513
PED00536,52,ALA,0.0,0.0933955970647098,0.0933955970647098
PED00536,53,LEU,0.0,0.1484322881921281,0.1484322881921281
PED00536,54,GLY,0.0,0.1294196130753835,0.1294196130753835
PED00536,55,ILE,0.0,0.0850567044696464,0.0850567044696464
PED00536,56,PRO,0.0,0.0,0.0
PED00536,57,GLU,0.0,0.0,0.0
PED00536,58,LEU,0.0,0.1514342895263509,0.1514342895263509
PED00536,59,VAL,0.0,0.1954636424282855,0.1954636424282855
PED00536,60,ASN,0.0,0.2141427618412275,0.2141427618412275
PED00536,61,GLN,0.0,0.2058038692461641,0.2058038692461641
PED00536,62,GLY,0.0,0.1194129419613075,0.1194129419613075
PED00536,63,GLN,0.0,0.0787191460973982,0.0787191460973982
PED00536,64,ALA,0.0,0.0657104736490994,0.0657104736490994
PED00536,65,LEU,0.0,0.048032021347565,0.048032021347565
PED00536,66,GLU,0.0,0.0076717811874583,0.0076717811874583
PED00536,67,PRO,0.0,0.0,0.0
PED00536,68,LYS,0.0,0.0,0.0
PED00536,69,GLN,0.0,0.0,0.0
